"stock_code";"stock_name"
"000020";"동화약품"
"000040";"KR모터스"
"000050";"경방"
"000060";"메리츠화재"
"000070";"삼양홀딩스"
"000075";"삼양홀딩스우"
"000080";"하이트진로"
"000087";"하이트진로2우B"
"000100";"유한양행"
"000105";"유한양행우"
"000120";"CJ대한통운"
"000140";"하이트진로홀딩스"
"000145";"하이트진로홀딩스우"
"000150";"두산"
"000155";"두산우"
"000157";"두산2우B"
"000180";"성창기업지주"
"000210";"DL"
"000215";"DL우"
"000220";"유유제약"
"000225";"유유제약1우"
"000227";"유유제약2우B"
"000230";"일동홀딩스"
"000240";"한국앤컴퍼니"
"000250";"삼천당제약"
"000270";"기아"
"000300";"대유플러스"
"000320";"노루홀딩스"
"000325";"노루홀딩스우"
"000370";"한화손해보험"
"000390";"삼화페인트"
"000400";"롯데손해보험"
"000430";"대원강업"
"000440";"중앙에너비스"
"000480";"조선내화"
"000490";"대동"
"000500";"가온전선"
"000520";"삼일제약"
"000540";"흥국화재"
"000545";"흥국화재우"
"000547";"흥국화재2우B"
"000590";"CS홀딩스"
"000640";"동아쏘시오홀딩스"
"000650";"천일고속"
"000660";"SK하이닉스"
"000670";"영풍"
"000680";"LS네트웍스"
"000700";"유수홀딩스"
"000720";"현대건설"
"000725";"현대건설우"
"000760";"이화산업"
"000810";"삼성화재"
"000815";"삼성화재우"
"000850";"화천기공"
"000860";"강남제비스코"
"000880";"한화"
"000885";"한화우"
"00088K";"한화3우B"
"000890";"보해양조"
"000910";"유니온"
"000950";"전방"
"000970";"한국주철관"
"000990";"DB하이텍"
"000995";"DB하이텍1우"
"001000";"신라섬유"
"001020";"페이퍼코리아"
"001040";"CJ"
"001045";"CJ우"
"00104K";"CJ4우(전환)"
"001060";"JW중외제약"
"001065";"JW중외제약우"
"001067";"JW중외제약2우B"
"001070";"대한방직"
"001080";"만호제강"
"001120";"LX인터내셔널"
"001130";"대한제분"
"001140";"국보"
"001200";"유진투자증권"
"001210";"금호전기"
"001230";"동국제강"
"001250";"GS글로벌"
"001260";"남광토건"
"001270";"부국증권"
"001275";"부국증권우"
"001290";"상상인증권"
"001340";"백광산업"
"001360";"삼성제약"
"001380";"SG글로벌"
"001390";"KG케미칼"
"001420";"태원물산"
"001430";"세아베스틸"
"001440";"대한전선"
"001450";"현대해상"
"001460";"BYC"
"001465";"BYC우"
"001470";"삼부토건"
"001500";"현대차증권"
"001510";"SK증권"
"001515";"SK증권우"
"001520";"동양"
"001525";"동양우"
"001527";"동양2우B"
"001529";"동양3우B"
"001530";"DI동일"
"001540";"안국약품"
"001550";"조비"
"001560";"제일연마"
"001570";"금양"
"001620";"케이비아이동국실업"
"001630";"종근당홀딩스"
"001680";"대상"
"001685";"대상우"
"001720";"신영증권"
"001725";"신영증권우"
"001740";"SK네트웍스"
"001745";"SK네트웍스우"
"001750";"한양증권"
"001755";"한양증권우"
"001770";"SHD"
"001780";"알루코"
"001790";"대한제당"
"001795";"대한제당우"
"001800";"오리온홀딩스"
"001810";"무림SP"
"001820";"삼화콘덴서"
"001840";"이화공영"
"001880";"DL건설"
"001940";"KISCO홀딩스"
"002020";"코오롱"
"002025";"코오롱우"
"002030";"아세아"
"002070";"비비안"
"002100";"경농"
"002140";"고려산업"
"002150";"도화엔지니어링"
"002170";"삼양통상"
"002200";"한국수출포장"
"002210";"동성제약"
"002220";"한일철강"
"002230";"피에스텍"
"002240";"고려제강"
"002270";"롯데푸드"
"002290";"삼일기업공사"
"002310";"아세아제지"
"002320";"한진"
"002350";"넥센타이어"
"002355";"넥센타이어1우B"
"002360";"SH에너지화학"
"002380";"KCC"
"002390";"한독"
"002410";"범양건영"
"002420";"세기상사"
"002450";"삼익악기"
"002460";"화성산업"
"002600";"조흥"
"002620";"제일파마홀딩스"
"002630";"오리엔트바이오"
"002680";"한탑"
"002690";"동일제강"
"002700";"신일전자"
"002710";"TCC스틸"
"002720";"국제약품"
"002760";"보락"
"002780";"진흥기업"
"002785";"진흥기업우B"
"002787";"진흥기업2우B"
"002790";"아모레G"
"002795";"아모레G우"
"00279K";"아모레G3우(전환)"
"002800";"신신제약"
"002810";"삼영무역"
"002820";"SUN&L"
"002840";"미원상사"
"002870";"신풍제지"
"002880";"대유에이텍"
"002900";"TYM"
"002920";"유성기업"
"002960";"한국쉘석유"
"002990";"금호건설"
"002995";"금호건설우"
"003000";"부광약품"
"003010";"혜인"
"003030";"세아제강지주"
"003060";"에이프로젠제약"
"003070";"코오롱글로벌"
"003075";"코오롱글로벌우"
"003080";"성보화학"
"003090";"대웅"
"003100";"선광"
"003120";"일성신약"
"003160";"디아이"
"003200";"일신방직"
"003220";"대원제약"
"003230";"삼양식품"
"003240";"태광산업"
"003280";"흥아해운"
"003300";"한일홀딩스"
"003310";"대주산업"
"003350";"한국화장품제조"
"003380";"하림지주"
"003410";"쌍용C&E"
"003460";"유화증권"
"003465";"유화증권우"
"003470";"유안타증권"
"003475";"유안타증권우"
"003480";"한진중공업홀딩스"
"003490";"대한항공"
"003495";"대한항공우"
"003520";"영진약품"
"003530";"한화투자증권"
"003535";"한화투자증권우"
"003540";"대신증권"
"003545";"대신증권우"
"003547";"대신증권2우B"
"003550";"LG"
"003555";"LG우"
"003560";"IHQ"
"003570";"SNT중공업"
"003580";"넥스트사이언스"
"003610";"방림"
"003620";"쌍용차"
"003650";"미창석유"
"003670";"포스코케미칼"
"003680";"한성기업"
"003690";"코리안리"
"003720";"삼영화학"
"003780";"진양산업"
"003800";"에이스침대"
"003830";"대한화섬"
"003850";"보령제약"
"003920";"남양유업"
"003925";"남양유업우"
"003960";"사조대림"
"004000";"롯데정밀화학"
"004020";"현대제철"
"004060";"SG세계물산"
"004080";"신흥"
"004090";"한국석유"
"004100";"태양금속"
"004105";"태양금속우"
"004140";"동방"
"004150";"한솔홀딩스"
"004170";"신세계"
"004250";"NPC"
"004255";"NPC우"
"004270";"남성"
"004310";"현대약품"
"004360";"세방"
"004365";"세방우"
"004370";"농심"
"004380";"삼익THK"
"004410";"서울식품"
"004415";"서울식품우"
"004430";"송원산업"
"004440";"삼일씨엔에스"
"004450";"삼화왕관"
"004490";"세방전지"
"004540";"깨끗한나라"
"004545";"깨끗한나라우"
"004560";"현대비앤지스틸"
"004565";"현대비앤지스틸우"
"004590";"한국가구"
"004650";"창해에탄올"
"004690";"삼천리"
"004700";"조광피혁"
"004710";"한솔테크닉스"
"004720";"팜젠사이언스"
"004770";"써니전자"
"004780";"대륙제관"
"004800";"효성"
"004830";"덕성"
"004835";"덕성우"
"004840";"DRB동일"
"004870";"티웨이홀딩스"
"004890";"동일산업"
"004910";"조광페인트"
"004920";"씨아이테크"
"004960";"한신공영"
"004970";"신라교역"
"004980";"성신양회"
"004985";"성신양회우"
"004990";"롯데지주"
"00499K";"롯데지주우"
"005010";"휴스틸"
"005030";"부산주공"
"005070";"코스모신소재"
"005090";"SGC에너지"
"005110";"한창"
"005160";"동국산업"
"005180";"빙그레"
"005250";"녹십자홀딩스"
"005257";"녹십자홀딩스2우"
"005290";"동진쎄미켐"
"005300";"롯데칠성"
"005305";"롯데칠성우"
"005320";"국동"
"005360";"모나미"
"005380";"현대차"
"005385";"현대차우"
"005387";"현대차2우B"
"005389";"현대차3우B"
"005390";"신성통상"
"005420";"코스모화학"
"005430";"한국공항"
"005440";"현대그린푸드"
"005490";"POSCO"
"005500";"삼진제약"
"005610";"SPC삼립"
"005670";"푸드웰"
"005680";"삼영전자"
"005690";"파미셀"
"005710";"대원산업"
"005720";"넥센"
"005725";"넥센우"
"005740";"크라운해태홀딩스"
"005745";"크라운해태홀딩스우"
"005750";"대림B&Co"
"005800";"신영와코루"
"005810";"풍산홀딩스"
"005820";"원림"
"005830";"DB손해보험"
"005850";"에스엘"
"005860";"한일사료"
"005870";"휴니드"
"005880";"대한해운"
"005930";"삼성전자"
"005935";"삼성전자우"
"005940";"NH투자증권"
"005945";"NH투자증권우"
"005950";"이수화학"
"005960";"동부건설"
"005965";"동부건설우"
"005990";"매일홀딩스"
"006040";"동원산업"
"006050";"국영지앤엠"
"006060";"화승인더"
"006090";"사조오양"
"006110";"삼아알미늄"
"006120";"SK디스커버리"
"006125";"SK디스커버리우"
"006140";"피제이전자"
"006200";"한국전자홀딩스"
"006220";"제주은행"
"006260";"LS"
"006280";"녹십자"
"006340";"대원전선"
"006345";"대원전선우"
"006360";"GS건설"
"006370";"대구백화점"
"006380";"카프로"
"006390";"한일현대시멘트"
"006400";"삼성SDI"
"006405";"삼성SDI우"
"006490";"인스코비"
"006570";"대림통상"
"006580";"대양제지"
"006620";"동구바이오제약"
"006650";"대한유화"
"006660";"삼성공조"
"006730";"서부T&D"
"006740";"영풍제지"
"006800";"미래에셋증권"
"006805";"미래에셋증권우"
"00680K";"미래에셋증권2우B"
"006840";"AK홀딩스"
"006880";"신송홀딩스"
"006890";"태경케미컬"
"006910";"보성파워텍"
"006920";"모헨즈"
"006980";"우성"
"007070";"GS리테일"
"007110";"일신석재"
"007120";"미래아이앤지"
"007160";"사조산업"
"007210";"벽산"
"007280";"한국특강"
"007310";"오뚜기"
"007330";"푸른저축은행"
"007340";"디티알오토모티브"
"007370";"진양제약"
"007390";"네이처셀"
"007460";"에이프로젠 MED"
"007530";"영신금속"
"007540";"샘표"
"007570";"일양약품"
"007575";"일양약품우"
"007590";"동방아그로"
"007610";"선도전기"
"007630";"폴루스바이오팜"
"007660";"이수페타시스"
"007680";"대원"
"007690";"국도화학"
"007700";"F&F홀딩스"
"007720";"대명소노시즌"
"007770";"한일화학"
"007810";"코리아써키트"
"007815";"코리아써우"
"00781K";"코리아써키트2우B"
"007820";"에스엠코어"
"007860";"서연"
"007980";"태평양물산"
"008040";"사조동아원"
"008060";"대덕"
"00806K";"대덕1우"
"008110";"대동전자"
"008250";"이건산업"
"008260";"NI스틸"
"008290";"원풍물산"
"008350";"남선알미늄"
"008355";"남선알미우"
"008370";"원풍"
"008420";"문배철강"
"008470";"부스타"
"008490";"서흥"
"008500";"일정실업"
"008560";"메리츠증권"
"008600";"윌비스"
"008700";"아남전자"
"008730";"율촌화학"
"008770";"호텔신라"
"008775";"호텔신라우"
"008830";"대동기어"
"008870";"금비"
"008930";"한미사이언스"
"008970";"동양철관"
"009070";"KCTC"
"009140";"경인전자"
"009150";"삼성전기"
"009155";"삼성전기우"
"009160";"SIMPAC"
"009180";"한솔로지스틱스"
"009190";"대양금속"
"009200";"무림페이퍼"
"009240";"한샘"
"009270";"신원"
"009275";"신원우"
"009290";"광동제약"
"009300";"삼아제약"
"009310";"참엔지니어링"
"009320";"대우부품"
"009410";"태영건설"
"009415";"태영건설우"
"009420";"한올바이오파마"
"009440";"KC그린홀딩스"
"009450";"경동나비엔"
"009460";"한창제지"
"009470";"삼화전기"
"009520";"포스코엠텍"
"009540";"한국조선해양"
"009580";"무림P&P"
"009620";"삼보산업"
"009680";"모토닉"
"009730";"코센"
"009770";"삼정펄프"
"009780";"엠에스씨"
"009810";"플레이그램"
"009830";"한화솔루션"
"009835";"한화솔루션우"
"009900";"명신산업"
"009970";"영원무역홀딩스"
"010040";"한국내화"
"010050";"우리종금"
"010060";"OCI"
"010100";"한국프랜지"
"010120";"LS ELECTRIC"
"010130";"고려아연"
"010140";"삼성중공업"
"010145";"삼성중공우"
"010170";"대한광통신"
"010240";"흥국"
"010280";"쌍용정보통신"
"010400";"우진아이엔에스"
"010420";"한솔PNS"
"010470";"오리콤"
"010580";"지코"
"010600";"웰바이오텍"
"010620";"현대미포조선"
"010640";"진양폴리"
"010660";"화천기계"
"010690";"화신"
"010770";"평화홀딩스"
"010780";"아이에스동서"
"010820";"퍼스텍"
"010950";"S-Oil"
"010955";"S-Oil우"
"010960";"삼호개발"
"011000";"진원생명과학"
"011040";"경동제약"
"011070";"LG이노텍"
"011080";"형지I&C"
"011090";"에넥스"
"011150";"CJ씨푸드"
"011155";"CJ씨푸드1우"
"011170";"롯데케미칼"
"011200";"HMM"
"011210";"현대위아"
"011230";"삼화전자"
"011280";"태림포장"
"011300";"성안"
"011320";"유니크"
"011330";"유니켐"
"011370";"서한"
"011390";"부산산업"
"011420";"갤럭시아에스엠"
"011500";"한농화성"
"011560";"세보엠이씨"
"011690";"와이투솔루션"
"011700";"한신기계"
"011760";"현대코퍼레이션"
"011780";"금호석유"
"011785";"금호석유우"
"011790";"SKC"
"011810";"STX"
"011930";"신성이엔지"
"012030";"DB"
"012160";"영흥"
"012170";"아센디오"
"012200";"계양전기"
"012205";"계양전기우"
"012280";"영화금속"
"012320";"경동인베스트"
"012330";"현대모비스"
"012340";"뉴인텍"
"012450";"한화에어로스페이스"
"012510";"더존비즈온"
"012600";"센트럴인사이트"
"012610";"경인양행"
"012620";"원일특강"
"012630";"HDC"
"012690";"모나리자"
"012700";"리드코프"
"012750";"에스원"
"012790";"신일제약"
"012800";"대창"
"012860";"모베이스전자"
"013000";"세우글로벌"
"013030";"하이록코리아"
"013120";"동원개발"
"013310";"아진산업"
"013360";"일성건설"
"013520";"화승코퍼레이션"
"013570";"디와이"
"013580";"계룡건설"
"013700";"까뮤이앤씨"
"013720";"CBI"
"013810";"스페코"
"013870";"지엠비코리아"
"013890";"지누스"
"013990";"아가방컴퍼니"
"014100";"메디앙스"
"014130";"한익스프레스"
"014160";"대영포장"
"014190";"원익큐브"
"014200";"광림"
"014280";"금강공업"
"014285";"금강공업우"
"014440";"영보화학"
"014470";"부방"
"014530";"극동유화"
"014570";"고려제약"
"014580";"태경비케이"
"014620";"성광벤드"
"014680";"한솔케미칼"
"014710";"사조씨푸드"
"014790";"한라"
"014820";"동원시스템즈"
"014825";"동원시스템즈우"
"014830";"유니드"
"014910";"성문전자"
"014915";"성문전자우"
"014940";"오리엔탈정공"
"014970";"삼륭물산"
"014990";"인디에프"
"015020";"이스타코"
"015230";"대창단조"
"015260";"에이엔피"
"015360";"예스코홀딩스"
"015540";"쎌마테라퓨틱스"
"015590";"큐로"
"015710";"코콤"
"015750";"성우하이텍"
"015760";"한국전력"
"015860";"일진홀딩스"
"015890";"태경산업"
"016090";"대현"
"016100";"리더스코스메틱"
"016250";"SGC이테크건설"
"016360";"삼성증권"
"016380";"KG동부제철"
"016385";"KG동부제철우"
"016450";"한세예스24홀딩스"
"016580";"환인제약"
"016590";"신대양제지"
"016600";"큐캐피탈"
"016610";"DB금융투자"
"016670";"인피니티엔티"
"016710";"대성홀딩스"
"016740";"두올"
"016790";"현대사료"
"016800";"퍼시스"
"016880";"웅진"
"016920";"카스"
"017000";"신원종합개발"
"017040";"광명전기"
"017180";"명문제약"
"017250";"인터엠"
"017370";"우신시스템"
"017390";"서울가스"
"017480";"삼현철강"
"017510";"세명전기"
"017550";"수산중공업"
"017650";"대림제지"
"017670";"SK텔레콤"
"017800";"현대엘리베이"
"017810";"풀무원"
"017890";"한국알콜"
"017900";"광전자"
"017940";"E1"
"017960";"한국카본"
"018000";"유니슨"
"018120";"진로발효"
"018250";"애경산업"
"018260";"삼성에스디에스"
"018290";"브이티지엠피"
"018310";"삼목에스폼"
"018470";"조일알미늄"
"018500";"동원금속"
"018620";"우진비앤지"
"018670";"SK가스"
"018680";"서울제약"
"018700";"바른손"
"018880";"한온시스템"
"019010";"베뉴지"
"019170";"신풍제약"
"019175";"신풍제약우"
"019180";"티에이치엔"
"019210";"와이지-원"
"019440";"세아특수강"
"019490";"하이트론"
"019540";"일지테크"
"019550";"SBI인베스트먼트"
"019570";"리더스 기술투자"
"019590";"엠벤처투자"
"019660";"글로본"
"019680";"대교"
"019685";"대교우B"
"019770";"서연탑메탈"
"019990";"에너토크"
"020000";"한섬"
"020120";"키다리스튜디오"
"020150";"일진머티리얼즈"
"020180";"대신정보통신"
"020400";"대동금속"
"020560";"아시아나항공"
"020710";"시공테크"
"020760";"일진디스플"
"021040";"대호특수강"
"021045";"대호특수강우"
"021050";"서원"
"021080";"에이티넘인베스트"
"021240";"코웨이"
"021320";"KCC건설"
"021650";"한국큐빅"
"021820";"세원정공"
"021880";"메이슨캐피탈"
"022100";"포스코 ICT"
"022220";"정산애강"
"023000";"삼원강재"
"023150";"MH에탄올"
"023160";"태광"
"023350";"한국종합기술"
"023410";"유진기업"
"023440";"제일제강"
"023450";"동남합성"
"023460";"CNH"
"023530";"롯데쇼핑"
"023590";"다우기술"
"023600";"삼보판지"
"023760";"한국캐피탈"
"023770";"플레이위드"
"023790";"동일철강"
"023800";"인지컨트롤스"
"023810";"인팩"
"023900";"풍국주정"
"023910";"대한약품"
"023960";"에쓰씨엔지니어링"
"024060";"흥구석유"
"024070";"WISCOM"
"024090";"디씨엠"
"024110";"기업은행"
"024120";"KB오토시스"
"024720";"한국콜마홀딩스"
"024740";"한일단조"
"024800";"유성티엔에스"
"024810";"이화전기"
"024830";"세원물산"
"024840";"KBI메탈"
"024850";"피에스엠씨"
"024880";"케이피에프"
"024890";"대원화성"
"024900";"덕양산업"
"024910";"경창산업"
"024940";"PN풍년"
"024950";"삼천리자전거"
"025000";"KPX케미칼"
"025320";"시노펙스"
"025440";"대성엘텍"
"025530";"SJM홀딩스"
"025540";"한국단자"
"025550";"한국선재"
"025560";"미래산업"
"025620";"제이준코스메틱"
"025750";"한솔홈데코"
"025770";"한국정보통신"
"025820";"이구산업"
"025860";"남해화학"
"025870";"신라에스지"
"025880";"케이씨피드"
"025890";"한국주강"
"025900";"동화기업"
"025950";"동신건설"
"025980";"아난티"
"026040";"제이에스티나"
"026150";"특수건설"
"026890";"스틱인베스트먼트"
"026910";"광진실업"
"026940";"부국철강"
"026960";"동서"
"027040";"서울전자통신"
"027050";"코리아나"
"027360";"아주IB투자"
"027410";"BGF"
"027580";"상보"
"027710";"팜스토리"
"027740";"마니커"
"027830";"대성창투"
"027970";"세하"
"028050";"삼성엔지니어링"
"028080";"휴맥스홀딩스"
"028100";"동아지질"
"028260";"삼성물산"
"02826K";"삼성물산우B"
"028300";"HLB"
"028670";"팬오션"
"029460";"케이씨"
"029480";"릭스솔루션"
"029530";"신도리코"
"029780";"삼성카드"
"029960";"코엔텍"
"030000";"제일기획"
"030190";"NICE평가정보"
"030200";"KT"
"030210";"KTB투자증권"
"030350";"드래곤플라이"
"030520";"한글과컴퓨터"
"030530";"원익홀딩스"
"030610";"교보증권"
"030720";"동원수산"
"030790";"비케이탑스"
"030960";"양지사"
"031310";"아이즈비전"
"031330";"에스에이엠티"
"031430";"신세계인터내셔날"
"031440";"신세계푸드"
"031510";"오스템"
"031820";"콤텍시스템"
"031860";"엔에스엔"
"031980";"피에스케이홀딩스"
"032080";"아즈텍WB"
"032190";"다우데이타"
"032280";"삼일"
"032300";"한국파마"
"032350";"롯데관광개발"
"032500";"케이엠더블유"
"032540";"TJ미디어"
"032560";"황금에스티"
"032580";"피델릭스"
"032620";"유비케어"
"032640";"LG유플러스"
"032680";"소프트센"
"032685";"소프트센우"
"032750";"삼진"
"032790";"BNGT"
"032800";"판타지오"
"032820";"우리기술"
"032830";"삼성생명"
"032850";"비트컴퓨터"
"032860";"휴먼엔"
"032940";"원익"
"032960";"동일기연"
"032980";"바이온"
"033050";"제이엠아이"
"033100";"제룡전기"
"033130";"디지틀조선"
"033160";"엠케이전자"
"033170";"시그네틱스"
"033180";"KH 필룩스"
"033200";"모아텍"
"033230";"인성정보"
"033240";"자화전자"
"033250";"체시스"
"033270";"유나이티드제약"
"033290";"코웰패션"
"033310";"엠투엔"
"033320";"제이씨현시스템"
"033340";"좋은사람들"
"033500";"동성화인텍"
"033530";"세종공업"
"033540";"파라텍"
"033560";"블루콤"
"033640";"네패스"
"033780";"KT&G"
"033790";"스카이문스테크놀로지"
"033830";"티비씨"
"033920";"무학"
"034020";"두산중공업"
"034120";"SBS"
"034220";"LG디스플레이"
"034230";"파라다이스"
"034300";"신세계건설"
"034310";"NICE"
"034590";"인천도시가스"
"034730";"SK"
"03473K";"SK우"
"034810";"해성산업"
"03481K";"해성산업1우"
"034830";"한국토지신탁"
"034940";"조아제약"
"034950";"한국기업평가"
"035000";"지투알"
"035080";"인터파크"
"035150";"백산"
"035200";"프럼파스트"
"035250";"강원랜드"
"035290";"골드앤에스"
"035420";"NAVER"
"035460";"기산텔레콤"
"035510";"신세계 I&C"
"035600";"KG이니시스"
"035610";"솔본"
"035620";"바른손이앤에이"
"035720";"카카오"
"035760";"CJ ENM"
"035810";"이지홀딩스"
"035890";"서희건설"
"035900";"JYP Ent."
"036000";"예림당"
"036010";"아비코전자"
"036030";"케이티알파"
"036090";"위지트"
"036120";"SCI평가정보"
"036170";"클라우드에어"
"036180";"지더블유바이텍"
"036190";"금화피에스시"
"036200";"유니셈"
"036420";"제이콘텐트리"
"036460";"한국가스공사"
"036480";"대성미생물"
"036530";"SNT홀딩스"
"036540";"SFA반도체"
"036560";"영풍정밀"
"036570";"엔씨소프트"
"036580";"팜스코"
"036620";"감성코퍼레이션"
"036630";"세종텔레콤"
"036640";"HRS"
"036670";"KCI"
"036690";"코맥스"
"036710";"심텍홀딩스"
"036800";"나이스정보통신"
"036810";"에프에스티"
"036830";"솔브레인홀딩스"
"036890";"진성티이씨"
"036930";"주성엔지니어링"
"037030";"파워넷"
"037070";"파세코"
"037230";"한국팩키지"
"037270";"YG PLUS"
"037330";"인지디스플레"
"037350";"성도이엔지"
"037370";"EG"
"037400";"우리조명"
"037440";"희림"
"037460";"삼지전자"
"037560";"LG헬로비전"
"037710";"광주신세계"
"037760";"쎄니트"
"037950";"엘컴텍"
"038010";"제일테크노스"
"038060";"루멘스"
"038070";"서린바이오"
"038110";"에코플라스틱"
"038290";"마크로젠"
"038340";"UCI"
"038390";"레드캡투어"
"038460";"바이오스마트"
"038500";"삼표시멘트"
"038530";"골드퍼시픽"
"038540";"상상인"
"038620";"위즈코프"
"038680";"에스넷"
"038870";"에코바이오"
"038880";"아이에이"
"038950";"파인디지털"
"039010";"현대에이치티"
"039020";"이건홀딩스"
"039030";"이오테크닉스"
"039130";"하나투어"
"039200";"오스코텍"
"039240";"경남스틸"
"039290";"인포뱅크"
"039310";"세중"
"039340";"한국경제TV"
"039420";"케이엘넷"
"039440";"에스티아이"
"039490";"키움증권"
"039560";"다산네트웍스"
"039570";"HDC랩스"
"039610";"화성밸브"
"039670";"스포츠서울"
"039740";"한국정보공학"
"039830";"오로라"
"039840";"디오"
"039860";"나노엔텍"
"039980";"리노스"
"040160";"누리플렉스"
"040300";"YTN"
"040350";"큐로컴"
"040420";"정상제이엘에스"
"040610";"SG&G"
"040910";"아이씨디"
"041020";"폴라리스오피스"
"041140";"넥슨지티"
"041190";"우리기술투자"
"041440";"현대에버다임"
"041460";"한국전자인증"
"041510";"에스엠"
"041520";"이라이콤"
"041590";"젬백스지오"
"041650";"상신브레이크"
"041830";"인바디"
"041910";"에스텍파마"
"041920";"메디아나"
"041930";"동아화성"
"041960";"코미팜"
"042000";"카페24"
"042040";"케이피엠테크"
"042110";"에스씨디"
"042370";"비츠로테크"
"042420";"네오위즈홀딩스"
"042500";"링네트"
"042510";"라온시큐어"
"042520";"한스바이오메드"
"042600";"새로닉스"
"042660";"대우조선해양"
"042670";"현대두산인프라코어"
"042700";"한미반도체"
"042940";"상지카일룸"
"043090";"한창바이오텍"
"043100";"솔고바이오"
"043150";"바텍"
"043200";"파루"
"043220";"에이치엘비파워"
"043260";"성호전자"
"043340";"에쎈테크"
"043360";"디지아이"
"043370";"피에이치에이"
"043590";"크로바하이텍"
"043610";"지니뮤직"
"043650";"국순당"
"043710";"서울리거"
"043910";"자연과환경"
"044060";"조광ILI"
"044180";"KD"
"044340";"위닉스"
"044380";"주연테크"
"044450";"KSS해운"
"044480";"블루베리 NFT"
"044490";"태웅"
"044780";"에이치케이"
"044820";"코스맥스비티아이"
"044960";"이글벳"
"044990";"에이치엔에스하이텍"
"045060";"오공"
"045100";"한양이엔지"
"045300";"성우테크론"
"045340";"토탈소프트"
"045390";"대아티아이"
"045510";"정원엔시스"
"045520";"크린앤사이언스"
"045660";"에이텍"
"045970";"코아시아"
"046070";"코다코"
"046110";"한일네트웍스"
"046120";"오르비텍"
"046140";"SBS콘텐츠허브"
"046210";"파나진"
"046310";"백금T&A"
"046390";"삼화네트웍스"
"046440";"KG모빌리언스"
"046890";"서울반도체"
"046940";"우원개발"
"046970";"우리로"
"047040";"대우건설"
"047050";"포스코인터내셔널"
"047080";"한빛소프트"
"047310";"파워로직스"
"047400";"유니온머티리얼"
"047560";"이스트소프트"
"047770";"코데즈컴바인"
"047810";"한국항공우주"
"047820";"초록뱀미디어"
"047920";"HLB제약"
"048260";"오스템임플란트"
"048410";"현대바이오"
"048430";"유라테크"
"048470";"대동스틸"
"048530";"인트론바이오"
"048550";"SM C&C"
"048770";"TPC"
"048830";"엔피케이"
"048870";"시너지이노베이션"
"048910";"대원미디어"
"049070";"인탑스"
"049080";"기가레인"
"049120";"파인디앤씨"
"049180";"셀루메드"
"049430";"코메론"
"049470";"SGA"
"049480";"오픈베이스"
"049520";"유아이엘"
"049550";"잉크테크"
"049630";"재영솔루텍"
"049720";"고려신용정보"
"049770";"동원F&B"
"049800";"우진플라임"
"049830";"승일"
"049950";"미래컴퍼니"
"049960";"쎌바이오텍"
"050090";"휘닉스소재"
"050110";"캠시스"
"050120";"ES큐브"
"050320";"아래스"
"050540";"한국코퍼레이션"
"050760";"에스폴리텍"
"050860";"아세아텍"
"050890";"쏠리드"
"050960";"수산아이앤티"
"051160";"지어소프트"
"051360";"토비스"
"051370";"인터플렉스"
"051380";"피씨디렉트"
"051390";"YW"
"051490";"나라엠앤디"
"051500";"CJ프레시웨이"
"051600";"한전KPS"
"051630";"진양화학"
"051780";"큐로홀딩스"
"051900";"LG생활건강"
"051905";"LG생활건강우"
"051910";"LG화학"
"051915";"LG화학우"
"051980";"중앙디앤엠"
"052020";"에스티큐브"
"052190";"세영디앤씨"
"052220";"iMBC"
"052260";"현대바이오랜드"
"052300";"초록뱀컴퍼니"
"052330";"코텍"
"052400";"코나아이"
"052420";"오성첨단소재"
"052460";"아이크래프트"
"052600";"한네트"
"052670";"제일바이오"
"052690";"한전기술"
"052710";"아모텍"
"052770";"아이톡시"
"052790";"액토즈소프트"
"052860";"아이앤씨"
"052900";"KMH하이텍"
"053030";"바이넥스"
"053050";"지에스이"
"053060";"세동"
"053080";"원방테크"
"053110";"소리바다"
"053160";"프리엠스"
"053210";"스카이라이프"
"053260";"금강철강"
"053270";"구영테크"
"053280";"예스24"
"053290";"NE능률"
"053300";"한국정보인증"
"053350";"이니텍"
"053450";"세코닉스"
"053580";"웹케시"
"053590";"한국테크놀로지"
"053610";"프로텍"
"053620";"태양"
"053660";"현진소재"
"053690";"한미글로벌"
"053700";"삼보모터스"
"053800";"안랩"
"053950";"경남제약"
"053980";"오상자이엘"
"054040";"한국컴퓨터"
"054050";"농우바이오"
"054090";"삼진엘앤디"
"054180";"메디콕스"
"054210";"이랜텍"
"054220";"비츠로시스"
"054300";"팬스타엔터프라이즈"
"054410";"케이피티유"
"054450";"텔레칩스"
"054540";"삼영엠텍"
"054620";"APS홀딩스"
"054630";"에이디칩스"
"054670";"대한뉴팜"
"054780";"키이스트"
"054800";"아이디스홀딩스"
"054920";"한컴위드"
"054930";"유신"
"054940";"엑사이엔씨"
"054950";"제이브이엠"
"055490";"테이팩스"
"055550";"신한지주"
"056000";"COWON"
"056080";"유진로봇"
"056090";"유앤아이"
"056190";"에스에프에이"
"056360";"코위버"
"056700";"신화인터텍"
"056730";"CNT85"
"057030";"YBM넷"
"057050";"현대홈쇼핑"
"057540";"옴니시스템"
"057680";"티사이언티픽"
"057880";"피에이치씨"
"058110";"멕아이씨에스"
"058220";"아리온"
"058400";"KNN"
"058420";"제이웨이"
"058430";"포스코강판"
"058450";"일야"
"058470";"리노공업"
"058530";"파나케이아"
"058610";"에스피지"
"058630";"엠게임"
"058650";"세아홀딩스"
"058730";"다스코"
"058820";"CMG제약"
"058850";"KTcs"
"058860";"KTis"
"058970";"엠로"
"059090";"미코"
"059100";"아이컴포넌트"
"059120";"아진엑스텍"
"059210";"메타바이오메드"
"059270";"해성티피씨"
"060150";"인선이엔티"
"060230";"얍엑스"
"060240";"룽투코리아"
"060250";"NHN한국사이버결제"
"060260";"뉴보텍"
"060280";"큐렉소"
"060300";"레드로버"
"060310";"3S"
"060370";"KT서브마린"
"060380";"동양에스텍"
"060480";"국일신동"
"060540";"에스에이티"
"060560";"홈센타홀딩스"
"060570";"드림어스컴퍼니"
"060590";"씨티씨바이오"
"060720";"KH바텍"
"060850";"영림원소프트랩"
"060900";"대한그린파워"
"060980";"한라홀딩스"
"061040";"알에프텍"
"061250";"화일약품"
"061970";"엘비세미콘"
"062860";"티엘아이"
"062970";"피피아이"
"063080";"컴투스홀딩스"
"063160";"종근당바이오"
"063170";"서울옥션"
"063440";"SM Life Design"
"063570";"한국전자금융"
"063760";"이엘피"
"064090";"에프앤리퍼블릭"
"064240";"홈캐스트"
"064260";"다날"
"064290";"인텍플러스"
"064350";"현대로템"
"064480";"브리지텍"
"064510";"유네코"
"064520";"바른전자"
"064550";"바이오니아"
"064760";"티씨케이"
"064800";"젬백스링크"
"064820";"케이프"
"064850";"에프앤가이드"
"064960";"SNT모티브"
"065060";"지엔코"
"065130";"탑엔지니어링"
"065150";"엠피대산"
"065170";"넥스트BT"
"065350";"신성델타테크"
"065370";"위세아이텍"
"065420";"에스아이리소스"
"065440";"이루온"
"065450";"빅텍"
"065500";"오리엔트정공"
"065510";"휴비츠"
"065530";"와이어블"
"065560";"녹원씨엔아이"
"065570";"삼영이엔씨"
"065650";"메디프론"
"065660";"안트로젠"
"065680";"우주일렉트로"
"065690";"파커스"
"065710";"서호전기"
"065770";"CS"
"065950";"웰크론"
"066110";"한프"
"066130";"하츠"
"066310";"큐에스아이"
"066360";"체리부로"
"066410";"버킷스튜디오"
"066430";"와이오엠"
"066570";"LG전자"
"066575";"LG전자우"
"066590";"우수AMS"
"066620";"국보디자인"
"066670";"디스플레이텍"
"066700";"테라젠이텍스"
"066790";"씨씨에스"
"066830";"제노텍"
"066900";"디에이피"
"066910";"손오공"
"066970";"엘앤에프"
"066980";"이엔코퍼레이션"
"067000";"조이시티"
"067010";"이씨에스"
"067080";"대화제약"
"067160";"아프리카TV"
"067170";"오텍"
"067280";"멀티캠퍼스"
"067290";"JW신약"
"067310";"하나마이크론"
"067370";"선바이오"
"067390";"아스트"
"067570";"엔브이에이치코리아"
"067630";"HLB생명과학"
"067730";"로지시스"
"067770";"세진티에스"
"067830";"세이브존I&C"
"067900";"와이엔텍"
"067920";"이글루시큐리티"
"067990";"도이치모터스"
"068050";"팬엔터테인먼트"
"068240";"다원시스"
"068270";"셀트리온"
"068290";"삼성출판사"
"068330";"일신바이오"
"068400";"SK렌터카"
"068760";"셀트리온제약"
"068790";"DMS"
"068930";"디지털대성"
"068940";"아이씨케이"
"069080";"웹젠"
"069110";"코스온"
"069140";"누리플랜"
"069260";"휴켐스"
"069330";"유아이디"
"069410";"엔텔스"
"069460";"대호에이엘"
"069510";"에스텍"
"069540";"라이트론"
"069620";"대웅제약"
"069640";"한세엠케이"
"069730";"DSR제강"
"069920";"아이에스이커머스"
"069960";"현대백화점"
"070300";"엑스큐어"
"070590";"한솔인티큐브"
"070960";"용평리조트"
"071050";"한국금융지주"
"071055";"한국금융지주우"
"071090";"하이스틸"
"071200";"인피니트헬스케어"
"071280";"로체시스템즈"
"071320";"지역난방공사"
"071460";"위니아딤채"
"071670";"에이테크솔루션"
"071840";"롯데하이마트"
"071850";"캐스텍코리아"
"071950";"코아스"
"071970";"STX중공업"
"072020";"중앙백신"
"072130";"유엔젤"
"072470";"우리산업홀딩스"
"072520";"제넨바이오"
"072710";"농심홀딩스"
"072770";"율호"
"072870";"메가스터디"
"072950";"빛샘전자"
"072990";"에이치시티"
"073010";"케이에스피"
"073110";"엘엠에스"
"073190";"듀오백"
"073240";"금호타이어"
"073490";"이노와이어리스"
"073540";"에프알텍"
"073560";"우리손에프앤지"
"073570";"WI"
"073640";"테라사이언스"
"074430";"아미노로직스"
"074600";"원익QnC"
"074610";"이엔플러스"
"075130";"플랜티넷"
"075180";"새론오토모티브"
"075580";"세진중공업"
"075970";"동국알앤에스"
"076080";"웰크론한텍"
"076340";"관악산업"
"076610";"해성옵틱스"
"077360";"덕산하이메탈"
"077500";"유니퀘스트"
"077970";"STX엔진"
"078000";"텔코웨어"
"078020";"이베스트투자증권"
"078070";"유비쿼스홀딩스"
"078130";"국일제지"
"078140";"대봉엘에스"
"078150";"HB테크놀러지"
"078160";"메디포스트"
"078340";"컴투스"
"078350";"한양디지텍"
"078520";"에이블씨엔씨"
"078590";"디아크"
"078600";"대주전자재료"
"078650";"지나인제약"
"078860";"아이오케이"
"078890";"가온미디어"
"078930";"GS"
"078935";"GS우"
"078940";"코드네이처"
"079000";"와토스코리아"
"079160";"CJ CGV"
"079170";"한창산업"
"079190";"EMW"
"079370";"제우스"
"079430";"현대리바트"
"079550";"LIG넥스원"
"079650";"서산"
"079810";"디이엔티"
"079940";"가비아"
"079950";"인베니아"
"079960";"동양이엔피"
"079970";"투비소프트"
"079980";"휴비스"
"080000";"에스엔유"
"080010";"이상네트웍스"
"080160";"모두투어"
"080220";"제주반도체"
"080420";"모다이노칩"
"080470";"성창오토텍"
"080520";"오디텍"
"080530";"코디"
"080580";"오킨스전자"
"080720";"한국유니온제약"
"081000";"일진다이아"
"081150";"티플랙스"
"081580";"성우전자"
"081660";"휠라홀딩스"
"082210";"옵트론텍"
"082270";"젬백스"
"082640";"동양생명"
"082660";"코스나인"
"082740";"HSD엔진"
"082800";"비보존 헬스케어"
"082850";"우리바이오"
"082920";"비츠로셀"
"083310";"엘오티베큠"
"083420";"그린케미칼"
"083450";"GST"
"083470";"이엠앤아이"
"083500";"에프엔에스테크"
"083550";"케이엠"
"083640";"인콘"
"083650";"비에이치아이"
"083660";"CSA 코스믹"
"083790";"크리스탈지노믹스"
"083930";"아바코"
"084010";"대한제강"
"084110";"휴온스글로벌"
"084180";"수성이노베이션"
"084370";"유진테크"
"084440";"유비온"
"084650";"랩지노믹스"
"084670";"동양고속"
"084680";"이월드"
"084690";"대상홀딩스"
"084695";"대상홀딩스우"
"084730";"팅크웨어"
"084850";"아이티엠반도체"
"084870";"TBH글로벌"
"084990";"헬릭스미스"
"085310";"엔케이"
"085370";"루트로닉"
"08537M";"루트로닉3우C"
"085620";"미래에셋생명"
"085660";"차바이오텍"
"085670";"뉴프렉스"
"085810";"알티캐스트"
"085910";"네오티스"
"086040";"바이오톡스텍"
"086060";"진바이오텍"
"086220";"네추럴FNP"
"086280";"현대글로비스"
"086390";"유니테스트"
"086450";"동국제약"
"086460";"에스엔피제네틱스"
"086520";"에코프로"
"086670";"비엠티"
"086710";"선진뷰티사이언스"
"086790";"하나금융지주"
"086820";"바이오솔루션"
"086890";"이수앱지스"
"086900";"메디톡스"
"086960";"한컴MDS"
"086980";"쇼박스"
"087010";"펩트론"
"087260";"모바일어플라이언스"
"087600";"픽셀플러스"
"088130";"동아엘텍"
"088260";"이리츠코크렙"
"088290";"이원컴포텍"
"088350";"한화생명"
"088390";"이녹스"
"088790";"진도"
"088800";"에이스테크"
"088910";"동우팜투테이블"
"088980";"맥쿼리인프라"
"089010";"켐트로닉스"
"089030";"테크윙"
"089140";"넥스턴바이오"
"089150";"케이씨티"
"089230";"THE E&M"
"089470";"HDC현대EP"
"089530";"에이티세미콘"
"089590";"제주항공"
"089600";"나스미디어"
"089790";"제이티"
"089850";"유비벨록스"
"089860";"롯데렌탈"
"089890";"코세스"
"089970";"에이피티씨"
"089980";"상아프론테크"
"090080";"평화산업"
"090150";"아이윈"
"090350";"노루페인트"
"090355";"노루페인트우"
"090360";"로보스타"
"090370";"메타랩스"
"090410";"덕신하우징"
"090430";"아모레퍼시픽"
"090435";"아모레퍼시픽우"
"090460";"비에이치"
"090470";"제이스텍"
"090710";"휴림로봇"
"090740";"연이비앤티"
"090850";"현대이지웰"
"091090";"세원이앤씨"
"091120";"이엠텍"
"091340";"S&K폴리텍"
"091440";"텔레필드"
"091580";"상신이디피"
"091590";"남화토건"
"091700";"파트론"
"091810";"티웨이항공"
"091970";"나노캠텍"
"091990";"셀트리온헬스케어"
"092040";"아미코젠"
"092070";"디엔에프"
"092130";"이크레더블"
"092190";"서울바이오시스"
"092200";"디아이씨"
"092220";"KEC"
"092230";"KPX홀딩스"
"092300";"현우산업"
"092440";"기신정기"
"092460";"한라IMS"
"092590";"럭스피아"
"092600";"앤씨앤"
"092730";"네오팜"
"092780";"동양피스톤"
"092870";"엑시콘"
"093050";"LF"
"093190";"빅솔론"
"093230";"이아이디"
"093240";"형지엘리트"
"093320";"케이아이엔엑스"
"093370";"후성"
"093380";"풍강"
"093510";"엔지브이아이"
"093520";"매커스"
"093640";"다믈멀티미디어"
"093920";"서원인텍"
"094170";"동운아나텍"
"094280";"효성ITX"
"094360";"칩스앤미디어"
"094480";"갤럭시아머니트리"
"094800";"맵스리얼티1"
"094820";"일진파워"
"094840";"슈프리마에이치큐"
"094850";"참좋은여행"
"094860";"네오리진"
"094940";"푸른기술"
"094970";"제이엠티"
"095190";"이엠코리아"
"095270";"웨이브일렉트로"
"095340";"ISC"
"095500";"미래나노텍"
"095570";"AJ네트웍스"
"095610";"테스"
"095660";"네오위즈"
"095700";"제넥신"
"095720";"웅진씽크빅"
"095910";"에스에너지"
"096040";"이트론"
"096240";"청담러닝"
"096300";"베트남개발1"
"096350";"대창솔루션"
"096530";"씨젠"
"096610";"알에프세미"
"096630";"에스코넥"
"096640";"멜파스"
"096690";"에이루트"
"096760";"JW홀딩스"
"096770";"SK이노베이션"
"096775";"SK이노베이션우"
"096870";"엘디티"
"097230";"HJ중공업"
"097520";"엠씨넥스"
"097780";"에스맥"
"097800";"윈팩"
"097870";"효성오앤비"
"097950";"CJ제일제당"
"097955";"CJ제일제당 우"
"098120";"마이크로컨텍솔"
"098460";"고영"
"098660";"에스티오"
"099190";"아이센스"
"099220";"SDN"
"099320";"쎄트렉아이"
"099390";"브레인즈컴퍼니"
"099410";"동방선기"
"099430";"바이오플러스"
"099440";"스맥"
"099520";"ITX-AI"
"099750";"이지케어텍"
"100030";"모바일리더"
"100090";"삼강엠앤티"
"100120";"뷰웍스"
"100130";"동국S&C"
"100220";"비상교육"
"100250";"진양홀딩스"
"100590";"머큐리"
"100660";"서암기계공업"
"100700";"세운메디칼"
"100790";"미래에셋벤처투자"
"100840";"SNT에너지"
"101000";"상상인인더스트리"
"101140";"인바이오젠"
"101160";"월덱스"
"101170";"우림피티에스"
"101240";"씨큐브"
"101330";"모베이스"
"101360";"이엔드디"
"101390";"아이엠"
"101400";"엔시트론"
"101490";"에스앤에스텍"
"101530";"해태제과식품"
"101670";"코리아에스이"
"101680";"한국정밀기계"
"101730";"위메이드맥스"
"101930";"인화정공"
"102120";"어보브반도체"
"102260";"동성케미컬"
"102280";"쌍방울"
"102370";"케이옥션"
"102460";"이연제약"
"102710";"이엔에프테크놀로지"
"102940";"코오롱생명과학"
"103140";"풍산"
"103230";"에스앤더블류"
"103590";"일진전기"
"103660";"씨앗"
"103840";"우양"
"104040";"대성파인텍"
"104200";"NHN벅스"
"104460";"디와이피엔에프"
"104480";"티케이케미칼"
"104540";"코렌텍"
"104620";"노랑풍선"
"104700";"한국철강"
"104830";"원익머트리얼즈"
"105330";"케이엔더블유"
"105550";"트루윈"
"105560";"KB금융"
"105630";"한세실업"
"105740";"디케이락"
"105840";"우진"
"106080";"하이소닉"
"106190";"하이텍팜"
"106240";"파인테크닉스"
"106520";"디지탈옵틱"
"107590";"미원홀딩스"
"107640";"한중엔시에스"
"108230";"톱텍"
"108320";"LX세미콘"
"108380";"대양전기공업"
"108490";"로보티즈"
"108670";"LX하우시스"
"108675";"LX하우시스우"
"108860";"셀바스AI"
"109070";"컨버즈"
"109080";"옵티시스"
"109610";"에스와이"
"109740";"디에스케이"
"109820";"진매트릭스"
"109860";"동일금속"
"109960";"에이프로젠 H&G"
"110020";"전진바이오팜"
"110790";"크리스에프앤씨"
"110990";"디아이티"
"111110";"호전실업"
"111710";"남화산업"
"111770";"영원무역"
"111870";"KH 일렉트론"
"112040";"위메이드"
"112190";"KC산업"
"112610";"씨에스윈드"
"113810";"디젠스"
"114090";"GKL"
"114120";"크루셜텍"
"114190";"강원에너지"
"114450";"KPX생명과학"
"114570";"지스마트글로벌"
"114630";"폴라리스우노"
"114810";"아이원스"
"114840";"아이패밀리에스씨"
"114920";"대주이엔티"
"115160";"휴맥스"
"115180";"큐리언트"
"115310";"인포바인"
"115390";"락앤락"
"115440";"우리넷"
"115450";"HLB테라퓨틱스"
"115480";"씨유메디칼"
"115500";"케이씨에스"
"115530";"씨엔플러스"
"115570";"스타플렉스"
"115610";"이미지스"
"115960";"연우"
"116100";"태양기계"
"117580";"대성에너지"
"117670";"알파홀딩스"
"117730";"티로보틱스"
"118000";"우리들휴브레인"
"118990";"모트렉스"
"119500";"포메탈"
"119610";"인터로조"
"119650";"KC코트렐"
"119830";"아이텍"
"119850";"지엔씨에너지"
"119860";"다나와"
"120030";"조선선재"
"120110";"코오롱인더"
"120115";"코오롱인더우"
"120240";"대정화금"
"121060";"유니포인트"
"121440";"골프존뉴딘홀딩스"
"121600";"나노신소재"
"121800";"비덴트"
"121850";"코이즈"
"121890";"에스디시스템"
"122310";"제노레이"
"122350";"삼기"
"122450";"KMH"
"122640";"예스티"
"122690";"서진오토모티브"
"122830";"원포유"
"122870";"와이지엔터테인먼트"
"122900";"아이마켓코리아"
"122990";"와이솔"
"123010";"폴라리스웍스"
"123040";"엠에스오토텍"
"123330";"제닉"
"123410";"코리아에프티"
"123420";"선데이토즈"
"123570";"이엠넷"
"123690";"한국화장품"
"123700";"SJM"
"123750";"알톤스포츠"
"123840";"한일진공"
"123860";"아나패스"
"123890";"한국자산신탁"
"124500";"아이티센"
"124560";"태웅로직스"
"125210";"아모그린텍"
"126340";"비나텍"
"126560";"현대퓨처넷"
"126600";"코프라"
"126640";"화신정공"
"126700";"하이비젼시스템"
"126870";"뉴로스"
"126880";"제이엔케이히터"
"127120";"디엔에이링크"
"127160";"매직마이크로"
"127710";"아시아경제"
"128540";"에코캡"
"128660";"피제이메탈"
"128820";"대성산업"
"128940";"한미약품"
"129260";"인터지스"
"129890";"앱코"
"130500";"GH신소재"
"130580";"나이스디앤비"
"130660";"한전산업"
"130740";"티피씨글로벌"
"131030";"디에이치피코리아"
"131090";"시큐브"
"131100";"스카이이앤엠"
"131180";"딜리"
"131220";"대한과학"
"131290";"티에스이"
"131370";"알서포트"
"131390";"원익피앤이"
"131400";"이브이첨단소재"
"131760";"파인텍"
"131970";"테스나"
"133750";"메가엠디"
"133820";"화인베스틸"
"134060";"이퓨쳐"
"134380";"미원화학"
"134580";"탑코미디어"
"134790";"시디즈"
"135160";"지오씨"
"136410";"아셈스"
"136480";"하림"
"136490";"선진"
"136510";"에디슨EV"
"136540";"윈스"
"136660";"큐엠씨"
"137080";"나래나노텍"
"137310";"에스디바이오센서"
"137400";"피엔티"
"137940";"넥스트아이"
"137950";"제이씨케미칼"
"138040";"메리츠금융지주"
"138070";"신진에스엠"
"138080";"오이솔루션"
"138250";"엔에스쇼핑"
"138360";"협진"
"138490";"코오롱플라스틱"
"138580";"비즈니스온"
"138610";"나이벡"
"138690";"엘아이에스"
"138930";"BNK금융지주"
"139050";"시티랩스"
"139130";"DGB금융지주"
"139480";"이마트"
"139670";"키네마스터"
"139990";"아주스틸"
"140070";"서플러스글로벌"
"140290";"청광건설"
"140410";"메지온"
"140520";"대창스틸"
"140610";"엔솔바이오사이언스"
"140660";"위월드"
"140670";"알에스오토메이션"
"140860";"파크시스템스"
"140910";"에이리츠"
"141000";"비아트론"
"141020";"포티스"
"141080";"레고켐바이오"
"142210";"유니트론텍"
"142280";"녹십자엠에스"
"142760";"바이오리더스"
"143160";"아이디스"
"143210";"핸즈코퍼레이션"
"143240";"사람인에이치알"
"143540";"영우디에스피"
"144510";"지씨셀"
"144960";"뉴파워프라즈마"
"145020";"휴젤"
"145210";"다이나믹디자인"
"145270";"케이탑리츠"
"145720";"덴티움"
"145990";"삼양사"
"145995";"삼양사우"
"147760";"마이크로프랜드"
"147830";"제룡산업"
"148140";"비디아이"
"148150";"세경하이테크"
"148250";"알엔투테크놀로지"
"148780";"비플라이소프트"
"149010";"아이케이세미콘"
"149300";"아퓨어스"
"149950";"아바텍"
"149980";"하이로닉"
"150440";"피노텍"
"150840";"인트로메딕"
"150900";"파수"
"151860";"KG ETS"
"151910";"나노스"
"152550";"한국ANKOR유전"
"153360";"하이골드3호"
"153460";"네이블"
"153490";"우리이앤엘"
"153710";"옵티팜"
"154030";"아시아종묘"
"154040";"솔루에타"
"155650";"와이엠씨"
"155660";"DSR"
"155900";"바다로19호"
"156100";"엘앤케이바이오"
"158310";"참존글로벌"
"158430";"아톤"
"159010";"아스플로"
"159580";"제로투세븐"
"159910";"스킨앤스킨"
"160550";"NEW"
"160600";"이큐셀"
"160980";"싸이맥스"
"161000";"애경케미칼"
"161390";"한국타이어앤테크놀로지"
"161570";"THE MIDONG"
"161580";"필옵틱스"
"161890";"한국콜마"
"162120";"루켄테크놀러지스"
"163430";"디피코"
"163560";"동일고무벨트"
"163730";"핑거"
"164060";"이루다"
"166090";"하나머티리얼즈"
"166480";"코아스템"
"168330";"내츄럴엔도텍"
"168490";"한국패러랠"
"169330";"엠브레인"
"169670";"코스텍시스템"
"170030";"현대공업"
"170790";"파이오링크"
"170900";"동아에스티"
"170920";"엘티씨"
"171010";"램테크놀러지"
"171090";"선익시스템"
"171120";"라이온켐텍"
"173130";"오파스넷"
"173940";"에프엔씨엔터"
"174880";"장원테크"
"174900";"앱클론"
"175140";"인포마크"
"175250";"아이큐어"
"175330";"JB금융지주"
"176440";"에이치엔티"
"176750";"듀켐바이오"
"177350";"베셀"
"177830";"파버나인"
"178320";"서진시스템"
"178600";"대동고려삼"
"178780";"유테크"
"178920";"PI첨단소재"
"179290";"엠아이텍"
"179530";"애드바이오텍"
"179720";"렌딩머신"
"179900";"유티아이"
"180060";"탑선"
"180400";"디엑스앤브이엑스"
"180640";"한진칼"
"18064K";"한진칼우"
"181340";"이즈미디어"
"181710";"NHN"
"182360";"큐브엔터"
"182400";"엔케이맥스"
"182690";"테라셈"
"183190";"아세아시멘트"
"183300";"코미코"
"183410";"골프존데카"
"183490";"엔지켐생명과학"
"184230";"SGA솔루션즈"
"185190";"수프로"
"185490";"아이진"
"185750";"종근당"
"186230";"그린플러스"
"187220";"디티앤씨"
"187270";"신화콘텍"
"187420";"제노포커스"
"187660";"에이디엠코리아"
"187790";"나노"
"187870";"디바이스이엔지"
"189300";"인텔리안테크"
"189330";"씨이랩"
"189350";"코셋"
"189690";"포시에스"
"189860";"서전기전"
"189980";"흥국에프엔비"
"190510";"나무가"
"190650";"코리아에셋투자증권"
"191410";"육일씨엔에쓰"
"191420";"테고사이언스"
"191600";"블루탑"
"192080";"더블유게임즈"
"192250";"케이사인"
"192390";"윈하이텍"
"192400";"쿠쿠홀딩스"
"192410";"THQ"
"192440";"슈피겐코리아"
"192650";"드림텍"
"192820";"코스맥스"
"193250";"와이제이엠게임즈"
"194370";"제이에스코퍼레이션"
"194480";"데브시스터즈"
"194700";"노바렉스"
"195500";"마니커에프앤지"
"195870";"해성디에스"
"195940";"HK이노엔"
"195990";"에이비프로바이오"
"196170";"알테오젠"
"196300";"애니젠"
"196450";"코아시아옵틱스"
"196490";"디에이테크놀로지"
"196700";"웹스"
"197140";"디지캡"
"198080";"엔피디"
"198440";"고려시멘트"
"199150";"데이터스트림즈"
"199290";"바이오프로테크"
"199800";"툴젠"
"199820";"제일전기공업"
"200130";"콜마비앤에이치"
"200230";"텔콘RF제약"
"200350";"래몽래인"
"200470";"에이팩트"
"200580";"메디쎄이"
"200670";"휴메딕스"
"200710";"에이디테크놀로지"
"200780";"비씨월드제약"
"200880";"서연이화"
"201490";"미투온"
"202960";"판도라티비"
"203400";"에이비온"
"203450";"유니온커뮤니티"
"203650";"드림시큐리티"
"203690";"프로스테믹스"
"204020";"그리티"
"204210";"모두투어리츠"
"204270";"제이앤티씨"
"204320";"만도"
"204620";"글로벌텍스프리"
"204630";"스튜디오산타클로스"
"204840";"지엘팜텍"
"205100";"엑셈"
"205470";"휴마시스"
"205500";"액션스퀘어"
"206400";"베노홀딩스"
"206560";"덱스터"
"206640";"바디텍메드"
"206650";"유바이오로직스"
"206950";"볼빅"
"207490";"에이펙스인텍"
"207760";"미스터블루"
"207940";"삼성바이오로직스"
"208140";"정다운"
"208340";"파멥신"
"208350";"지란지교시큐리티"
"208370";"셀바스헬스케어"
"208640";"썸에이지"
"208710";"바이오로그디바이스"
"208850";"이비테크"
"208860";"엔지스테크널러지"
"208890";"미래엔에듀파트너"
"210120";"빅텐츠"
"210540";"디와이파워"
"210980";"SK디앤디"
"211050";"인카금융서비스"
"211270";"AP위성"
"212310";"휴벡셀"
"212560";"네오오토"
"213420";"덕산네오룩스"
"213500";"한솔제지"
"214150";"클래시스"
"214180";"민앤지"
"214260";"라파스"
"214270";"FSN"
"214310";"에스엘바이오닉스"
"214320";"이노션"
"214330";"금호에이치티"
"214370";"케어젠"
"214390";"경보제약"
"214420";"토니모리"
"214430";"아이쓰리시스템"
"214450";"파마리서치"
"214610";"미코바이오메드"
"214680";"디알텍"
"214870";"뉴지랩파마"
"215000";"골프존"
"215050";"비엔디생활건강"
"215090";"휴센텍"
"215100";"로보로보"
"215200";"메가스터디교육"
"215360";"우리산업"
"215380";"우정바이오"
"215480";"토박스코리아"
"215570";"크로넥스"
"215600";"신라젠"
"215790";"이노인스트루먼트"
"216050";"인크로스"
"216080";"제테마"
"216280";"원텍"
"216400";"인바이츠바이오코아"
"217190";"제너셈"
"217270";"넵튠"
"217320";"썬테크"
"217330";"싸이토젠"
"217480";"에스디생명공학"
"217500";"러셀"
"217600";"켐온"
"217620";"디딤"
"217730";"강스템바이오텍"
"217820";"엔에스"
"217880";"틸론"
"217910";"에스제이켐"
"217950";"파마리서치바이오"
"218150";"미래생명자원"
"218410";"RFHIC"
"219130";"타이거일렉"
"219420";"링크제니시스"
"219550";"디와이디"
"219750";"지티지웰니스"
"220100";"퓨쳐켐"
"220180";"핸디소프트"
"220260";"켐트로스"
"220630";"맘스터치"
"221800";"유투바이오"
"221840";"하이즈항공"
"221980";"케이디켐"
"222040";"코스맥스엔비티"
"222080";"씨아이에스"
"222110";"팬젠"
"222160";"바이옵트로"
"222420";"쎄노텍"
"222670";"플럼라인생명과학"
"222800";"심텍"
"222810";"마이더스AI"
"222980";"한국맥널티"
"223220";"로지스몬"
"223250";"드림씨아이에스"
"223310";"커머스마이너"
"224020";"에스케이씨에스"
"224060";"코디엠"
"224110";"에이텍티앤"
"224760";"엔에스컴퍼니"
"224810";"엄지하우스"
"225190";"삼양옵틱스"
"225220";"제놀루션"
"225330";"씨엠에스에듀"
"225430";"케이엠제약"
"225530";"보광산업"
"225570";"넷게임즈"
"225590";"패션플랫폼"
"225850";"미애부"
"225860";"엠앤씨생명과학"
"226320";"잇츠한불"
"226330";"신테카바이오"
"226340";"본느"
"226360";"KH E&T"
"226400";"오스테오닉"
"226440";"한송네오텍"
"226950";"올릭스"
"227100";"에이치앤비디자인"
"227420";"도부마스크"
"227610";"아우딘퓨쳐스"
"227840";"현대코퍼레이션홀딩스"
"227950";"엔투텍"
"228340";"동양파일"
"228670";"레이"
"228760";"지노믹트리"
"228850";"레이언스"
"229000";"젠큐릭스"
"229500";"노브메타파마"
"229640";"LS전선아시아"
"230240";"에치에프알"
"230360";"에코마케팅"
"230980";"에이트원"
"232140";"와이아이케이"
"232530";"이엠티"
"232680";"라온테크"
"232830";"시큐센"
"233250";"메디안디노스틱"
"233990";"질경이"
"234070";"에이원알폼"
"234080";"JW생명과학"
"234100";"세원"
"234300";"에스트래픽"
"234340";"세틀뱅크"
"234690";"녹십자웰빙"
"234920";"자이글"
"235980";"메드팩토"
"236030";"씨알푸드"
"236200";"슈프리마"
"236340";"메디젠휴먼케어"
"236810";"엔비티"
"237690";"에스티팜"
"237750";"피앤씨테크"
"237820";"플레이디"
"237880";"클리오"
"238090";"앤디포스"
"238120";"얼라인드"
"238170";"엔에스엠"
"238200";"비피도"
"238490";"힘스"
"238500";"로보쓰리"
"239340";"줌인터넷"
"239610";"에이치엘사이언스"
"239890";"피엔에이치테크"
"240340";"인터코스"
"240810";"원익IPS"
"241520";"DSC인베스트먼트"
"241560";"두산밥캣"
"241590";"화승엔터프라이즈"
"241690";"유니테크노"
"241710";"코스메카코리아"
"241770";"메카로"
"241790";"오션브릿지"
"241820";"피씨엘"
"241840";"에이스토리"
"242040";"나무기술"
"242350";"피엔아이컴퍼니"
"243070";"휴온스"
"243840";"신흥에스이씨"
"243870";"굿센"
"244460";"올리패스"
"244880";"나눔테크"
"244920";"에이플러스에셋"
"245450";"씨앤에스링크"
"245620";"EDGC"
"246250";"에스엘에스바이오"
"246690";"TS인베스트먼트"
"246710";"티앤알바이오팹"
"246720";"아스타"
"246960";"이노테라피"
"247540";"에코프로비엠"
"247660";"나노씨엠에스"
"248020";"젬"
"248070";"솔루엠"
"248170";"샘표식품"
"249420";"일동제약"
"250000";"보라티알"
"250030";"진코스텍"
"250060";"모비스"
"250930";"예선테크"
"251270";"넷마블"
"251280";"안지오랩"
"251370";"와이엠티"
"251630";"브이원텍"
"251970";"펌텍코리아"
"252500";"세화피앤씨"
"252990";"샘씨엔에스"
"253450";"스튜디오드래곤"
"253590";"네오셈"
"253610";"루트락"
"253840";"수젠텍"
"254120";"자비스"
"254160";"제이엠멀티"
"255220";"SG"
"255440";"야스"
"256150";"한독크린텍"
"256630";"포인트엔지니어링"
"256840";"한국비엔씨"
"256940";"케이피에스"
"257370";"명성티엔에스"
"257720";"실리콘투"
"257990";"나우코스"
"258050";"테크트랜스"
"258250";"셀젠텍"
"258540";"스템랩"
"258610";"이더블유케이"
"258790";"소프트캠프"
"258830";"세종메디칼"
"259630";"엠플러스"
"259960";"크래프톤"
"260660";"알리코제약"
"260870";"시그넷이브이"
"260930";"씨티케이"
"260970";"에스앤디"
"261200";"덴티스"
"261780";"차백신연구소"
"262260";"에이프로"
"262840";"아이퀘스트"
"263020";"디케이앤디"
"263050";"유틸렉스"
"263540";"샘코"
"263600";"덕우전자"
"263690";"디알젬"
"263700";"케어랩스"
"263720";"디앤씨미디어"
"263750";"펄어비스"
"263770";"유에스티"
"263800";"데이타솔루션"
"263810";"상신전자"
"263860";"지니언스"
"263920";"휴온스블러썸"
"264450";"유비쿼스"
"264660";"씨앤지하이테크"
"264850";"이랜시스"
"264900";"크라운제과"
"26490K";"크라운제과우"
"265520";"AP시스템"
"265560";"영화테크"
"265740";"엔에프씨"
"266170";"뿌리깊은나무들"
"266470";"바이오인프라생명과학"
"266870";"파워풀엑스"
"267060";"명진홀딩스"
"267250";"현대중공업지주"
"267260";"현대일렉트릭"
"267270";"현대건설기계"
"267290";"경동도시가스"
"267320";"나인테크"
"267790";"배럴"
"267810";"앙츠"
"267850";"아시아나IDT"
"267980";"매일유업"
"268280";"미원에스씨"
"268600";"셀리버리"
"269620";"시스웍"
"270020";"이십일스토어"
"270210";"에스알바이오텍"
"270520";"지엔원에너지"
"270660";"에브리봇"
"270870";"뉴트리"
"271560";"오리온"
"271850";"다이오진"
"271940";"일진하이솔루스"
"271980";"제일약품"
"272110";"케이엔제이"
"272210";"한화시스템"
"272290";"이녹스첨단소재"
"272450";"진에어"
"272550";"삼양패키징"
"273060";"와이즈버즈"
"273640";"와이엠텍"
"274090";"켄코아에어로스페이스"
"275630";"에스에스알"
"276040";"스코넥"
"276240";"엘리비젼"
"276730";"제주맥주"
"277070";"린드먼아시아"
"277410";"인산가"
"277810";"레인보우로보틱스"
"277880";"티에스아이"
"278280";"천보"
"278650";"노터스"
"278990";"EMB"
"279060";"이노벡스"
"279600";"미디어젠"
"280360";"롯데제과"
"281310";"바이오시네틱스"
"281740";"레이크머티리얼즈"
"281820";"케이씨텍"
"282330";"BGF리테일"
"282690";"동아타이어"
"282880";"코윈테크"
"284620";"카이노스메드"
"284740";"쿠쿠홈시스"
"285130";"SK케미칼"
"28513K";"SK케미칼우"
"285490";"노바텍"
"285770";"라이프사이언스테크놀로지"
"286000";"씨엔티드림"
"286750";"나노브릭"
"286940";"롯데정보통신"
"287410";"제이시스메디칼"
"288330";"브릿지바이오테라퓨틱스"
"288490";"나라소프트"
"288620";"에스퓨얼셀"
"289010";"아이스크림에듀"
"289080";"SV인베스트먼트"
"289220";"자이언트스텝"
"290090";"트윔"
"290120";"대유에이피"
"290270";"휴네시온"
"290380";"대유"
"290510";"코리아센터"
"290520";"신도기연"
"290550";"디케이티"
"290650";"엘앤씨바이오"
"290660";"네오펙트"
"290670";"대보마그네틱"
"290690";"소룩스"
"290720";"푸드나무"
"290740";"액트로"
"291230";"엔피"
"291650";"압타머사이언스"
"293480";"하나제약"
"293490";"카카오게임즈"
"293580";"나우IB"
"293780";"압타바이오"
"293940";"신한알파리츠"
"294090";"이오플로우"
"294140";"레몬"
"294570";"쿠콘"
"294630";"서남"
"294870";"HDC현대산업개발"
"297090";"씨에스베어링"
"297570";"알로이스"
"297890";"HB솔루션"
"298000";"효성화학"
"298020";"효성티앤씨"
"298040";"효성중공업"
"298050";"효성첨단소재"
"298060";"에스씨엠생명과학"
"298380";"에이비엘바이오"
"298540";"더네이쳐홀딩스"
"298690";"에어부산"
"298870";"케이티비네트워크"
"299030";"하나기술"
"299170";"더블유에스아이"
"299480";"지앤이헬스케어"
"299660";"셀리드"
"299670";"에스엠비나"
"299900";"위지윅스튜디오"
"299910";"베스파"
"300080";"플리토"
"300120";"라온피플"
"300720";"한일시멘트"
"301300";"바이브컴퍼니"
"302430";"이노메트리"
"302440";"SK바이오사이언스"
"302550";"리메드"
"302920";"더콘텐츠온"
"303030";"지니틱스"
"303360";"프로테옴텍"
"303530";"이노뎁"
"304100";"솔트룩스"
"304840";"피플바이오"
"305090";"마이크로디지탈"
"306040";"에스제이그룹"
"306200";"세아제강"
"306620";"네온테크"
"307180";"아이엘사이언스"
"307280";"원바이오젠"
"307750";"국전약품"
"307870";"비투엔"
"307930";"컴퍼니케이"
"307950";"현대오토에버"
"308080";"바이젠셀"
"308100";"까스텔바작"
"308170";"센트랄모텍"
"308700";"테크엔"
"309900";"티티씨디펜스"
"309930";"오하임아이엔티"
"310200";"애니플러스"
"310870";"디와이씨"
"311060";"엘에이티"
"311320";"지오엘리먼트"
"311390";"네오크레마"
"311690";"CJ 바이오사이언스"
"312610";"에이에프더블류"
"313760";"윌링스"
"314130";"지놈앤컴퍼니"
"314930";"바이오다인"
"315640";"딥노이드"
"316140";"우리금융지주"
"317120";"라닉스"
"317240";"TS트릴리온"
"317330";"덕산테코피아"
"317400";"자이에스앤디"
"317530";"캐리소프트"
"317690";"퀀타매트릭스"
"317770";"슈프리마아이디"
"317830";"에스피시스템스"
"317850";"대모"
"317860";"노드메이슨"
"317870";"엔바이오니아"
"318000";"한국바이오젠"
"318010";"팜스빌"
"318020";"포인트모바일"
"318410";"비비씨"
"318660";"타임기술"
"319400";"현대무벡스"
"319660";"피에스케이"
"320000";"윈텍"
"321260";"프로이천"
"321550";"티움바이오"
"321820";"와이더플래닛"
"322000";"현대에너지솔루션"
"322180";"티라유텍"
"322190";"베른"
"322310";"오로스테크놀로지"
"322510";"제이엘케이"
"322780";"코퍼스코리아"
"322970";"무진메디"
"323210";"이베스트이안스팩1호"
"323230";"엠에프엠코리아"
"323280";"신영스팩5호"
"323350";"다원넥스뷰"
"323410";"카카오뱅크"
"323990";"박셀바이오"
"326030";"SK바이오팜"
"327260";"RF머트리얼즈"
"327610";"펨토바이오메드"
"327970";"케어룸의료산업"
"328380";"미래에셋대우스팩3호"
"329020";"오션스톤"
"329180";"현대중공업"
"329560";"상상인이안제2호스팩"
"330350";"위더스제약"
"330590";"롯데리츠"
"330860";"네패스아크"
"330990";"케이비제19호스팩"
"331380";"포커스에이치엔에스"
"331520";"교보9호스팩"
"331660";"한국미라클피플사"
"331920";"셀레믹스"
"332290";"대신밸런스제7호스팩"
"332370";"아이디피"
"332570";"와이팜"
"332710";"하나금융14호스팩"
"333050";"신한제6호스팩"
"333430";"일승"
"333620";"엔시스"
"334890";"이지스밸류리츠"
"334970";"프레스티지바이오로직스"
"335810";"프리시젼바이오"
"335870";"IBKS제12호스팩"
"335890";"비올"
"336040";"타스컴"
"336060";"유안타제5호스팩"
"336260";"두산퓨얼셀"
"33626K";"두산퓨얼셀1우"
"33626L";"두산퓨얼셀2우B"
"336370";"솔루스첨단소재"
"33637K";"솔루스첨단소재1우"
"33637L";"솔루스첨단소재2우B"
"336570";"대신밸런스제8호스팩"
"337450";"SK5호스팩"
"337840";"유엑스엔"
"337930";"브랜드엑스코퍼레이션"
"338100";"NH프라임리츠"
"338220";"뷰노"
"339770";"교촌에프앤비"
"339950";"아이비김영"
"340120";"하이제5호스팩"
"340350";"SK6호스팩"
"340360";"다보링크"
"340440";"세림B&G"
"340570";"티앤엘"
"340930";"유일에너테크"
"341160";"하나금융15호스팩"
"341310";"이앤에치"
"342550";"케이비제20호스팩"
"343090";"단디바이오"
"343510";"하나금융16호스팩"
"344050";"신영스팩6호"
"344820";"KCC글라스"
"344860";"이노진"
"347000";"센코"
"347140";"케이프이에스제4호"
"347700";"라이프시맨틱스"
"347740";"피엔케이피부임상연구센타"
"347770";"핌스"
"347860";"알체라"
"347890";"엠투아이"
"348030";"모비릭스"
"348150";"고바이오랩"
"348210";"넥스틴"
"348350";"위드텍"
"348370";"엔켐"
"348840";"데이드림엔터"
"348950";"제이알글로벌리츠"
"349720";"이베스트스팩5호"
"350520";"이지스레지던스리츠"
"351320";"에스에이티이엔지"
"351330";"이삭엔지니어링"
"351340";"IBKS제13호스팩"
"352480";"씨앤씨인터내셔널"
"352700";"씨앤투스성진"
"352770";"클리노믹스"
"352820";"하이브"
"352910";"오비고"
"352940";"인바이오"
"353060";"에이치엠씨제5호스팩"
"353070";"에이치엠씨제4호스팩"
"353190";"휴럼"
"353200";"대덕전자"
"35320K";"대덕전자1우"
"353490";"미래에셋대우스팩 5호"
"353590";"오토앤"
"353810";"이지바이오"
"354200";"엔젠바이오"
"355150";"교보10호스팩"
"356860";"티엘비"
"356890";"싸이버원"
"357120";"코람코에너지리츠"
"357230";"에이치피오"
"357250";"미래에셋맵스리츠"
"357550";"석경에이티"
"357580";"아모센스"
"357780";"솔브레인"
"357880";"비트나인"
"359090";"씨엔알리서치"
"361390";"제노코"
"361570";"알비더블유"
"361610";"SK아이이테크놀로지"
"361670";"삼영에스앤씨"
"363250";"진시스템"
"363260";"하나금융17호스팩"
"363280";"티와이홀딩스"
"36328K";"티와이홀딩스우"
"365270";"큐라클"
"365550";"ESR켄달스퀘어리츠"
"365590";"엔에이치스팩18호"
"366330";"신한제7호스팩"
"367000";"플래티어"
"367340";"DB금융스팩8호"
"367360";"DB금융스팩9호"
"367460";"유안타제7호스팩"
"367480";"유안타제8호스팩"
"368770";"한국9호스팩"
"369370";"블리츠웨이"
"372290";"하나머스트7호스팩"
"372800";"아이티아이즈"
"372910";"한컴라이프케어"
"373200";"하인크코리아"
"373220";"LG에너지솔루션"
"373340";"유진스팩6호"
"375500";"DL이앤씨"
"37550K";"DL이앤씨우"
"376180";"피코그램"
"376190";"엘비루셈"
"376290";"씨유테크"
"376300";"디어유"
"376980";"원티드랩"
"377030";"맥스트"
"377190";"디앤디플랫폼리츠"
"377220";"프롬바이오"
"377300";"카카오페이"
"377330";"이지트로닉스"
"377400";"하이제6호스팩"
"377450";"리파인"
"377480";"마인즈랩"
"377630";"삼성스팩4호"
"378850";"화승알앤에이"
"379390";"이성씨엔아이"
"380320";"삼성머스트스팩5호"
"380440";"엔에이치스팩19호"
"381970";"케이카"
"382480";"지아이텍"
"382800";"지앤비에스엔지니어링"
"382840";"원준"
"383220";"F&F"
"383310";"에코프로에이치엔"
"383800";"LX홀딩스"
"38380K";"LX홀딩스1우"
"386580";"한화플러스제2호스팩"
"387310";"대신밸런스제10호스팩"
"388220";"하나금융19호스팩"
"388790";"IBKS제16호스팩"
"388800";"유진스팩7호"
"389030";"지니너스"
"391060";"엔에이치스팩20호"
"391710";"엔에이치스팩21호"
"393210";"토마토시스템"
"393360";"신한제8호스팩"
"395400";"SK리츠"
"396690";"미래에셋글로벌리츠"
"396770";"엔에이치스팩22호"
"397500";"대신밸런스제11호스팩"
"397880";"교보11호스팩"
"400560";"하나금융20호스팩"
"400760";"NH올원리츠"
"400840";"하이제7호스팩"
"402340";"SK스퀘어"
"402420";"켈스"
"403360";"예스피치"
"404950";"DB금융스팩10호"
"404990";"신한서부티엔디리츠"
"900070";"글로벌에스엠"
"900100";"애머릿지"
"900110";"이스트아시아홀딩스"
"900120";"씨케이에이치"
"900140";"엘브이엠씨홀딩스"
"900250";"크리스탈신소재"
"900260";"로스웰"
"900270";"헝셩그룹"
"900280";"골든센츄리"
"900290";"GRT"
"900300";"오가닉티코스메틱"
"900310";"컬러레이"
"900340";"윙입푸드"
"950110";"SBI핀테크솔루션즈"
"950130";"엑세스바이오"
"950140";"잉글우드랩"
"950160";"코오롱티슈진"
"950170";"JTC"
"950180";"SNK"
"950190";"미투젠"
"950200";"소마젠"
"950210";"프레스티지바이오파마"
"950220";"네오이뮨텍(Reg.S)"
